2018-09-04,0.0,0,0,0,0.4827586206896586,0.3250145095763204,-0.1736254650682107,1
2018-09-05,0.0,0,0,0,0.046153846153848,0.3110853163087637,-0.012565445026178486,1
2018-09-06,0.0,0,0,0,0.6666666666666666,0.2843876958792802,-0.20938023450586266,0
2018-09-07,0.0,0,0,0,0.4107142857142811,0.23737666860127699,-0.19612023022809372,2
2018-09-10,0.0,0,0,0,0.49056603773585766,0.2286709228090538,-0.11168384879725304,0
2018-09-11,0.0,0,0,0,0.93859649122807,0.14915844457341842,-0.4652173913043479,2
2018-09-12,0.0,0,0,0,0.4021739130434778,0.14915844457341842,0.16606822262118376,3
2018-09-13,0.0,0,0,0,0.1486486486486475,0.18630295995356935,-0.04816112084063022,2
2018-09-14,0.0,0,0,0,0.3870967741935532,0.18456181079512474,-0.10484927916120663,2
2018-09-17,0.0,0,0,0,0.18309859154929917,0.17759721416134658,0.057407816294988985,3
2018-09-18,0.0,0,0,0,0.4642857142857152,0.2170632617527569,0.2281702501096986,2
2018-09-19,0.0,0,0,0,0.10909090909090087,0.21996517701683102,0.02603601648947501,4
2018-09-20,0.0,0,0,0,0.5000000000000042,0.2809053975623913,0.17956391620350648,1
2018-09-21,0.0,0,0,0,0.43809523809523715,0.24956471271038863,-0.19524617996604454,3
2018-09-24,0.0,0,0,0,0.7058823529411686,0.2640742890307601,0.25912329950334456,0
2018-09-25,0.0,0,0,0,0.5254237288135601,0.20603598374927432,-0.13414106447425456,1
2018-09-26,0.0,0,0,0,0.4722222222222178,0.19384793964016267,-0.1476976542137256,2
2018-09-27,0.0,0,0,0,0.06818181818180387,0.2042948345908301,-0.013069048137658041,4
2018-09-28,0.0,0,0,0,0.7292576419213984,0.2861288450377248,0.7321350284962744,0
2018-10-01,0.0,0,0,0,0.33333333333333104,0.23737666860127699,-0.1453301987604173,4
2018-10-02,0.0,0,0,0,0.37820512820512986,0.33313987231572845,0.24836876447063921,3
2018-10-03,0.0,0,0,0,0.12068965517241464,0.37144515380150883,0.05758946935417547,1
2018-10-04,0.0,0,0,0,0.57258064516129,0.33488102147417304,-0.2907452907452911,0
2018-10-05,0.0,0,0,0,0.7142857142857089,0.27103888566453865,-0.4976155919552128,2
2018-10-08,0.0,0,0,0,0.08433734939759088,0.27103888566453865,0.02981260647359467,1
2018-10-09,0.0,0,0,0,0.5833333333333366,0.24318049912942524,-0.26706231454006046,0
2018-10-10,0.0,0,0,0,0.9545454545454582,0.14161346488682514,-0.5471124620060812,1
2018-10-11,0.0,0,0,0,0.48936170212765984,0.10853163087637824,-0.4075304540420827,3
2018-10-12,0.0,0,0,0,0.3513513513513498,0.14625652930934432,-0.17229953611663376,1
2018-10-15,0.0,0,0,0,0.14285714285714432,0.1259431224608242,-0.044812906116962314,4
2018-10-16,0.0,0,0,0,0.8813559322033894,0.20777713290771896,0.4632516703786188,2
2018-10-17,0.0,0,0,0,0.13924050632911336,0.20487521764364483,-0.04782608695652149,0
2018-10-18,0.0,0,0,0,0.739130434782607,0.1514799767846778,-0.29791894852135803,0
2018-10-19,0.0,0,0,0,0.7727272727272749,0.09518282066163669,-0.45313194135939716,4
2018-10-22,0.0,0,0,0,0.4112903225806429,0.1538015089959372,0.22921348314606652,1
2018-10-23,0.0,0,0,0,0.27118644067796477,0.12420197330237957,0.14486192847442295,0
2018-10-24,0.0,0,0,0,0.8699999999999974,0.003482298316889278,-0.7880434782608674,4
2018-10-25,0.0,0,0,0,0.4638554216867498,0.11317469529889741,0.35369774919614294,4
2018-10-26,0.0,0,0,0,0.057471264367812996,0.1932675565873475,0.04386926957665905,1
2018-10-29,0.0,0,0,0,0.47619047619047633,0.17643644805571668,-0.47311827956989305,4
2018-10-30,0.0,0,0,0,0.9214876033057832,0.31340684852002304,0.9795739073138576,0
2018-10-31,0.0,0,0,0,0.8150289017341003,0.2623331398723158,-0.5839718368192158,4
2018-11-01,0.0,0,0,0,0.7888198757763953,0.3401044689495066,0.5410010649627246,0
2018-11-02,0.0,0,0,0,0.680000000000002,0.27568195008705737,-0.4238520673176826,4
2018-11-05,0.0,0,0,0,0.473684210526313,0.3255948926291351,0.26615969581748855,0
2018-11-06,0.0,0,0,0,0.617977528089884,0.28380731282646543,-0.23012552301255113,4
2018-11-07,0.0,0,0,0,0.9396551724137927,0.3691236215902495,0.45769473021204965,3
2018-11-08,0.0,0,0,0,0.6024096385542181,0.38479396401625077,0.20622808826562175,0
2018-11-09,0.0,0,0,0,0.586206896551722,0.33372025536854316,-0.278745644599303,0
2018-11-12,0.0,0,0,0,0.8833333333333384,0.2489843296575739,-0.4443512890379385,4
2018-11-13,0.0,0,0,0,0.31746031746031683,0.2919326755658735,0.17024898914662634,1
2018-11-14,0.0,0,0,0,0.7037037037037029,0.2745211839814279,-0.31765935214210994,4
2018-11-15,0.0,0,0,0,0.7236842105263153,0.33372025536854316,0.4679855349925554,4
2018-11-16,0.0,0,0,0,0.7794117647058791,0.37550783517121283,0.44379317563324056,0
2018-11-19,0.0,0,0,0,0.44525547445255514,0.32733604178757975,-0.25097716519234703,1
2018-11-20,0.0,0,0,0,0.009708737864075794,0.2919326755658735,-0.004219409282699583,1
2018-11-21,0.0,0,0,0,0.9534883720930242,0.27103888566453865,-0.342737722048067,1
2018-11-23,0.0,0,0,0,0.27272727272727154,0.2426001160766105,-0.06425358749196769,4
2018-11-26,0.0,0,0,0,0.23684210526315813,0.2954149738827628,0.07615823989845555,3
2018-11-27,0.0,0,0,0,0.6932515337423348,0.3313987231572838,0.4814657008947604,4
2018-11-28,0.0,0,0,0,0.7479674796747957,0.3772489843296575,0.38381309970796906,0
2018-11-29,0.0,0,0,0,0.8494623655913972,0.3099245502031342,-0.32584037945968203,4
2018-11-30,0.0,0,0,0,0.7727272727272733,0.40336622170632624,0.5672575599582896,4
2018-12-03,0.0,0,0,0,0.13402061855670383,0.4509576320371446,0.05200000000000102,0
2018-12-04,0.0,0,0,0,0.9218750000000008,0.3128264654672083,-0.7148626817447508,3
2018-12-06,0.0,0,0,0,0.8395721925133702,0.34881021474172935,0.670940170940171,0
2018-12-07,0.0,0,0,0,0.9289617486338747,0.22518862449216492,-0.7092198581560266,4
2018-12-10,0.0,0,0,0,0.6413793103448261,0.28148578061520607,0.40190146931719956,2
2018-12-11,0.0,0,0,0,0.35616438356164093,0.2913522925130587,-0.21711899791231565,3
2018-12-12,0.0,0,0,0,0.6097560975609736,0.3174695298897271,-0.3087690407575134,3
2018-12-13,0.0,0,0,0,0.04166666666666831,0.3441671503192106,0.01243265644426073,1
2018-12-14,0.0,0,0,0,0.03296703296703434,0.31921067904817174,-0.012528711630821105,0
2018-12-17,0.0,0,0,0,0.44571428571428634,0.2739408009286128,-0.3259506895110745,3
2018-12-18,0.0,0,0,0,0.24770642201835072,0.31224608241439356,0.11375605645671082,0
2018-12-19,0.0,0,0,0,0.8170212765957474,0.18630295995356935,-0.8085912823752375,2
2018-12-20,0.0,0,0,0,0.10000000000000164,0.18456181079512474,0.05725611098877013,1
2018-12-21,0.0,0,0,0,0.49189189189188964,0.14393499709808494,-0.3978142076502717,0
2018-12-24,0.0,0,0,0,0.6380368098159493,0.07138711549622773,-0.46605422361640114,4
2018-12-26,0.0,0,0,0,0.8141263940520423,0.22228670922809038,0.9954545454545444,2
2018-12-27,0.0,0,0,0,0.4327485380116969,0.23215322112594308,0.32441911442349936,3
2018-12-28,0.0,0,0,0,0.1666666666666675,0.25478816018572253,0.10320361212642529,2
2018-12-31,0.0,0,0,0,0.1720430107526922,0.26523505513638995,-0.06795497982586693,2
2019-01-02,0.0,0,0,0,0.6588235294117648,0.2739408009286128,0.48738033072236614,0
2019-01-03,0.0,0,0,0,0.8783068783068763,0.12362159024956483,-0.719393282773563,4
2019-01-04,0.0,0,0,0,0.679802955665022,0.2820661636680208,0.6020942408376944,3
2019-01-07,0.0,0,0,0,0.271999999999997,0.2948345908299476,0.14437367303609183,3
2019-01-08,0.0,0,0,0,0.047999999999996136,0.31224608241439356,-0.025104602510458228,3
2019-01-09,0.0,0,0,0,0.0632911392405028,0.3279164248403945,0.020850708924102235,3
2019-01-10,0.0,0,0,0,0.6532258064516137,0.35983749274521193,0.33926701570680723,3
2019-01-11,0.0,0,0,0,0.6693548387096749,0.3813116656993615,0.34511434511434436,1
2019-01-14,0.0,0,0,0,0.20754716981131924,0.34764944863609987,-0.045398266611638226,3
2019-01-15,0.0,0,0,0,0.15942028985507053,0.3621590249564713,-0.04516526380619972,1
2019-01-16,0.0,0,0,0,0.5802469135802438,0.33488102147417304,-0.19341563786008184,3
2019-01-17,0.0,0,0,0,0.5053763440860166,0.354614045269878,0.19583333333333286,4
2019-01-18,0.0,0,0,0,0.11594202898550396,0.39640162507254767,0.032579922622683076,0
2019-01-22,0.0,0,0,0,0.6216216216216199,0.3430063842135811,-0.28186274509803827,1
2019-01-23,0.0,0,0,0,0.36718750000000083,0.32385374347069046,-0.19417475728155292,4
2019-01-24,0.0,0,0,0,0.7361111111111089,0.42948345908299457,0.4353182751540021,0
2019-01-25,0.0,0,0,0,0.11309523809523676,0.27161926871735337,0.08110992529348889,1
2019-01-28,0.0,0,0,0,0.8529411764705861,0.2524666279744632,0.2514632560156073,2
2019-01-29,0.0,0,0,0,0.3750000000000028,0.2426001160766105,-0.10260795211628987,4
2019-01-30,0.0,0,0,0,0.6991869918699201,0.30063842135809626,0.368466152527849,1
2019-01-31,0.4613526570048309,0.78231,0.21769,0.8855507868383404,0.3888888888888845,0.27626233313987214,0.17987152034261011,4
2019-02-01,0.37922705314009664,0.60448,0.39552,0.40229885057471265,0.8186274509803898,0.3697040046430642,0.7097322566935803,3
2019-02-04,0.2995169082125604,0.83838,0.16162,0.9594822734946539,0.6000000000000014,0.3981427742309923,0.24681201151789445,4
2019-02-05,0.24396135265700483,0.76,0.24,0.8031088082901554,0.5389610389610382,0.44399303540336604,0.33753558357055646,2
2019-02-06,0.22705314009661837,0.68354,0.31646,0.9416058394160584,0.060975609756102736,0.4376088218224026,-0.020020020020021723,1
2019-02-07,0.21980676328502416,0.78689,0.21311,0.6549019607843137,0.2307692307692331,0.3987231572838071,-0.10909090909091035,1
2019-02-08,0.2391304347826087,0.63235,0.36765,0.8709677419354839,0.06930693069306924,0.376088218224028,0.02870617182694291,2
2019-02-11,0.5688405797101449,0.82707,0.17293,0.9951515151515151,0.33783783783783694,0.372025536854324,-0.10199918400652794,4
2019-02-12,0.501207729468599,0.75,0.25,0.7125256673511293,0.7471264367816097,0.44399303540336604,0.2633711507293349,3
2019-02-13,0.43478260869565216,0.86822,0.13178,1.0,0.41975308641974735,0.4706906558328495,0.13564731697586127,3
2019-02-14,0.3756038647342995,0.80583,0.19417,0.9447004608294931,0.5797101449275464,0.4904236796285549,0.1586986708986335,4
2019-02-15,0.2669082125603865,0.75,0.25,0.6744186046511628,0.7068965517241341,0.5397562391178174,0.1599999999999987,1
2019-02-19,0.28502415458937197,0.77907,0.22093,0.8808777429467085,0.1351351351351284,0.5246662797446313,0.019474196689385454,2
2019-02-20,0.2898550724637681,0.6875,0.3125,0.6868327402135231,0.35820895522388646,0.5240858966918165,-0.09296920395119193,2
2019-02-21,0.25966183574879226,0.75904,0.24096,0.8977443609022556,0.1428571428571364,0.525246662797446,0.035074045206545716,4
2019-02-22,0.25966183574879226,0.69767,0.30233,0.7813211845102506,0.22826086956521965,0.587928032501451,-0.07969639468690734,3
2019-02-25,0.47946859903381644,0.94828,0.05172,0.8645833333333334,0.0533333333333322,0.6233313987231572,0.015077271013946153,2
2019-02-26,0.3997584541062802,0.88961,0.11039,0.9151343705799151,0.478260869565214,0.6308763784097502,0.08300320694208596,2
2019-02-27,0.36594202898550726,0.87333,0.12667,0.9278557114228457,0.5517241379310361,0.6314567614625652,0.18195602729340563,1
2019-02-28,0.30676328502415456,0.76562,0.23438,0.9220272904483431,0.10810810810810655,0.6152060359837492,0.01511715797430051,3
2019-03-01,0.2946859903381642,0.83654,0.16346,0.9049881235154394,0.17721518987341864,0.6349390597794542,-0.052395209580838535,3
2019-03-04,0.29106280193236717,0.78218,0.21782,0.8585209003215434,0.21348314606741303,0.672083575159605,0.0706976744186038,1
2019-03-05,0.3961352657004831,0.77206,0.22794,0.7941680960548885,0.19318181818181956,0.6569936157864189,-0.06313834726091057,0
2019-03-06,0.37077294685990336,0.87069,0.12931,0.9436619718309859,0.9577464788732379,0.6146256529309345,-0.25358940891292175,1
2019-03-07,0.30676328502415456,0.81818,0.18182,0.8773946360153256,0.26984126984127144,0.5943122460824144,-0.06443054765965575,2
2019-03-08,0.2246376811594203,0.80303,0.19697,0.8596491228070176,0.5930232558139515,0.5873476494486358,0.19626707715989916,4
2019-03-11,0.30917874396135264,0.76923,0.23077,0.896551724137931,0.43518518518518484,0.6378409750435287,0.17776096822995416,3
2019-03-12,0.3055555555555556,0.7931,0.2069,0.8691588785046729,0.29487179487179044,0.6506094022054555,0.08623922009748664,4
2019-03-13,0.286231884057971,0.78652,0.21348,0.893491124260355,0.4021739130434747,0.697040046430644,0.1370370370370361,0
2019-03-14,0.37922705314009664,0.83962,0.16038,0.6935483870967742,0.7678571428571392,0.6430644225188622,-0.31675874769797396,4
2019-03-15,0.2644927536231884,0.8125,0.1875,0.9873015873015873,0.6435643564356435,0.6947185142193846,0.24217585692995477,1
2019-03-18,0.2995169082125604,0.59843,0.40157,0.6851851851851852,0.5,0.681369704004643,-0.11760382212421913,2
2019-03-19,0.3176328502415459,0.74312,0.25688,0.8785046728971962,0.4615384615384582,0.685432385374347,-0.11015237745547904,1
2019-03-20,0.2536231884057971,0.79518,0.20482,0.8654434250764526,0.3037974683544332,0.6651189785258269,-0.08879023307436255,4
2019-03-21,0.37318840579710144,0.76812,0.23188,0.8610603290676416,0.626086956521739,0.7127103888566453,0.2670623145400589,0
2019-03-22,0.3103864734299517,0.76923,0.23077,0.8709677419354839,0.8085106382978747,0.6326175275681948,-0.41911764705882376,1
2019-03-25,0.3188405797101449,0.6875,0.3125,0.9014084507042254,0.1623931623931612,0.6047591410330818,-0.07173872003020493,3
2019-03-26,0.3140096618357488,0.78218,0.21782,0.9017543859649123,0.16438356164383122,0.6430644225188622,0.04501125281320234,1
2019-03-27,0.2222222222222222,0.75,0.25,0.9366197183098591,0.46739130434783266,0.6268136970400461,-0.1604777010636338,2
2019-03-28,0.2572463768115942,0.84615,0.15385,0.9593220338983051,0.20895522388059956,0.623911781775972,-0.05258215962441336,3
2019-03-29,0.2971014492753623,0.82883,0.17117,0.9388646288209607,0.1785714285714177,0.6581543818920488,-0.03717472118958897,4
2019-04-01,0.2777777777777778,0.80488,0.19512,0.5824915824915825,0.36170212765956383,0.705165409170052,0.062569009937429,2
2019-04-02,0.6557971014492754,0.84483,0.15517,0.8772093023255814,0.2982456140350906,0.6964596633778292,-0.06235099944984474,4
2019-04-03,0.463768115942029,0.81356,0.18644,0.9434343434343434,0.4090909090909047,0.7614625652930931,0.16354715609667297,3
2019-04-04,0.32367149758454106,0.89362,0.10638,0.8939393939393939,0.7471264367816097,0.7869994196169471,0.23520897412701233,1
2019-04-05,0.29106280193236717,0.73585,0.26415,0.889763779527559,0.13888888888888687,0.7684271619268717,-0.0538116591928246,2
2019-04-08,0.286231884057971,0.76636,0.23364,0.9261213720316622,0.7407407407407393,0.7730702263493905,0.1447178002894351,1
2019-04-09,0.2946859903381642,0.84615,0.15385,0.9745762711864406,0.05660377358490768,0.7521764364480555,-0.01084010840108442,3
2019-04-10,0.3007246376811594,0.82569,0.17431,0.9387308533916849,0.7962962962962971,0.7771329077190945,0.1554591467823571,2
2019-04-11,0.27294685990338163,0.87234,0.12766,0.9583333333333334,0.09090909090908944,0.7800348229831686,0.014347202295552062,3
2019-04-12,0.2524154589371981,0.74324,0.25676,0.8608695652173913,0.3230769230769251,0.81601857225769,0.0747198007471983,2
2019-04-15,0.21014492753623187,0.80851,0.19149,0.9423076923076923,0.28124999999999933,0.807893209518282,-0.06376195536663115,3
2019-04-16,0.30917874396135264,0.72549,0.27451,0.8405797101449275,0.03571428571428879,0.8328496807893209,0.01764913519237708,4
2019-04-17,0.642512077294686,0.72093,0.27907,0.72997299729973,0.08163265306122724,0.9402205455600696,0.04106776180698307,2
2019-04-18,0.30917874396135264,0.78846,0.21154,0.8927835051546392,0.2894736842105229,0.9361578641903656,-0.07494464316130092,3
2019-04-22,0.2584541062801932,0.83019,0.16981,0.9520958083832335,0.7052631578947418,0.9553105049332558,0.23043852106620868,2
2019-04-23,0.3647342995169082,0.77143,0.22857,0.9827771797631862,0.22916666666666696,0.9529889727219963,-0.037357785702156365,2
2019-04-24,0.3997584541062802,0.84426,0.15574,0.920863309352518,0.17391304347825737,0.9495066744051072,0.06835269993164585,0
2019-04-25,0.41304347826086957,0.73438,0.26562,0.7203647416413373,0.5999999999999951,0.885084155542658,-0.23670668953687746,0
2019-04-26,0.5144927536231884,0.69784,0.30216,0.8554216867469879,0.19745222929936446,0.5844457341845617,-0.11755783086841193,0
2019-04-29,0.3079710144927536,0.75676,0.24324,0.7914110429447853,0.741258741258743,0.5078351712130005,-0.4063638106191306,2
2019-04-30,0.2886473429951691,0.77632,0.22368,0.865546218487395,0.07142857142856962,0.5037724898432965,0.01568627450980359,1
2019-05-01,0.27898550724637683,0.8254,0.1746,0.8823529411764706,0.3953488372093065,0.48752176436448036,-0.1330724070450111,1
2019-05-02,0.357487922705314,0.75824,0.24176,0.8773006134969326,0.20661157024793375,0.4753337202553683,-0.09842519685039369,4
2019-05-03,0.25483091787439616,0.70833,0.29167,0.6559139784946236,0.6146788990825685,0.5449796865931514,0.2623335943617861,1
2019-05-06,0.23309178743961353,0.76119,0.23881,0.7007481296758105,0.8899082568807302,0.5142193847939639,0.3860696517412931,0
2019-05-07,0.2427536231884058,0.81707,0.18293,0.921875,0.12631578947368863,0.4712710388856643,-0.04743083003952749,0
2019-05-08,0.2898550724637681,0.84536,0.15464,0.8683127572016461,0.5581395348837218,0.39930354033662224,-0.3824701195219127,0
2019-05-09,0.391304347826087,0.84211,0.15789,0.979002624671916,0.5714285714285714,0.24724318049912924,-0.5344467640918585,1
2019-05-10,0.21980676328502416,0.86364,0.13636,0.9463087248322147,0.14117647058823263,0.22286709228090554,-0.10335917312661279,0
2019-05-13,0.22826086956521738,0.80682,0.19318,0.8320610687022901,0.6063829787234061,0.13929193267556575,-0.2514890800794177,3
2019-05-14,0.5060386473429952,0.85096,0.14904,0.9651783206964336,0.01612903225806119,0.16308763784097513,-0.004426737494465698,3
2019-05-15,1.0,0.72802,0.27198,0.5879396984924623,0.7070707070707013,0.18920487521764348,0.31166518254674785,2
2019-05-16,0.5833333333333334,0.82547,0.17453,0.7931972789115647,0.11320754716981536,0.18398142774231,0.02639102705080373,1
2019-05-17,0.3611111111111111,0.75676,0.24324,0.9176954732510288,0.29896907216494795,0.14683691236215907,-0.1283753873395304,0
2019-05-20,0.788647342995169,0.60784,0.39216,0.22572178477690288,0.4112149532710258,0.06964596633778308,-0.19999999999999896,4
2019-05-21,0.42632850241545894,0.72794,0.27206,0.8211091234347049,0.19999999999999526,0.12188044109112019,0.05412719891745486,1
2019-05-22,0.3647342995169082,0.76033,0.23967,0.9267822736030829,0.24590163934426018,0.09518282066163669,-0.06795016987542404,3
2019-05-23,0.3285024154589372,0.80189,0.19811,0.801980198019802,0.6170212765957458,0.1259431224608242,0.5349319806317748,2
2019-05-24,0.3272946859903382,0.79091,0.20909,0.7523809523809524,0.0357142857142916,0.1282646546720836,-0.008970621215520575,0
2019-05-28,0.6932367149758454,0.86058,0.13942,0.9036649214659686,0.7841726618705006,0.07022634939059783,-0.48813255709807274,3
2019-05-29,0.5954106280193237,0.74672,0.25328,0.9752925877763329,0.7333333333333278,0.10853163087637824,0.40599769319492296,3
2019-05-30,0.37922705314009664,0.78462,0.21538,0.9615384615384616,0.5374999999999968,0.13755078351712113,0.19413092550790056,1
2019-05-31,0.3140096618357488,0.87129,0.12871,0.9744136460554371,0.13461538461538528,0.09750435287289608,-0.06337709370756024,1
2019-06-03,0.27898550724637683,0.72727,0.27273,0.762962962962963,0.5683453237410063,0.06384213580963442,-0.357062146892655,4
2019-06-04,0.26570048309178745,0.88043,0.11957,0.8203592814371258,0.5779816513761511,0.1410330818340104,0.28532608695652295,1
2019-06-05,0.2222222222222222,0.83529,0.16471,0.9566160520607375,0.5656565656565669,0.1271038885664537,-0.24828197738860663,3
2019-06-06,0.21739130434782608,0.84337,0.15663,0.7671957671957672,0.5303030303030295,0.15902495647127113,0.15642458100558723,4
2019-06-07,0.24879227053140096,0.75309,0.24691,0.9936351800954722,0.7647058823529452,0.21300058038305286,0.3447513812154701,4
2019-06-10,0.2222222222222222,0.78378,0.21622,0.8497652582159625,0.575757575757579,0.25769007544979666,0.24659312134977301,2
2019-06-11,0.3442028985507246,0.84298,0.15702,0.9835164835164835,0.5124999999999975,0.26059199071387124,-0.17350825222175056,1
2019-06-12,0.3888888888888889,0.84545,0.15455,0.9178082191780822,0.8333333333333334,0.2298316889146837,-0.14998928647953777,3
2019-06-13,0.29589371980676327,0.7732,0.2268,0.9738562091503268,0.2325581395348872,0.2518862449216484,0.04291845493562292,1
2019-06-14,0.26811594202898553,0.78889,0.21111,0.4241645244215938,0.413793103448273,0.22228670922809038,0.15710233471525176,2
2019-06-17,0.29347826086956524,0.70588,0.29412,0.8541666666666666,0.0136986301369835,0.21880441091120154,-0.004334633723449506,4
2019-06-18,0.3828502415458937,0.81188,0.18812,0.46320346320346323,0.4428571428571415,0.29077190946024356,0.26524064171122885,1
2019-06-19,0.3115942028985507,0.76923,0.23077,0.9565217391304348,0.7068965517241341,0.273360417875798,-0.17270429654591263,2
2019-06-20,0.26811594202898553,0.76316,0.23684,0.8723404255319149,0.5762711864406779,0.28032501450957614,-0.2841027783580529,3
2019-06-21,0.27053140096618356,0.85057,0.14943,0.6108108108108108,0.5483870967741916,0.2959953569355775,0.21725239616613334,2
2019-06-24,0.22342995169082125,0.81818,0.18182,0.875968992248062,0.3382352941176531,0.3058618688334302,0.09704641350211138,0
2019-06-25,0.2608695652173913,0.86667,0.13333,0.971830985915493,0.8068181818181804,0.26059199071387124,-0.2985702270815815,4
2019-06-26,0.33816425120772947,0.80392,0.19608,0.9893333333333333,0.5869565217391329,0.33836331979106193,0.22665267576075515,0
2019-06-27,0.3079710144927536,0.83721,0.16279,0.9532163742690059,0.5847457627118626,0.2959953569355775,-0.28660436137071554,3
2019-06-28,0.24758454106280192,0.85938,0.14062,0.9260312944523471,0.19230769230768022,0.31979106210098646,0.04186728072011484,2
2019-07-01,0.20772946859903382,0.64103,0.35897,0.8287153652392947,0.7294117647058823,0.3302379570516539,-0.5031446540880511,2
2019-07-02,0.1956521739130435,0.83582,0.16418,0.8819188191881919,0.39622641509434037,0.3343006384213579,0.08766437069505359,3
2019-07-03,0.23309178743961353,0.82667,0.17333,0.927007299270073,0.6071428571428608,0.3575159605339525,0.14113740141137543,1
2019-07-05,0.17149758454106281,0.83333,0.16667,0.8987341772151899,0.06756756756756355,0.3319791062100985,0.020820320632936564,1
2019-07-08,0.2693236714975845,0.80952,0.19048,0.8697068403908795,0.22727272727272985,0.3168891468369123,0.08399832003360053,2
2019-07-09,0.2777777777777778,0.78652,0.21348,0.9338842975206612,0.5820895522388115,0.3128264654672083,0.16469594594594616,3
2019-07-10,0.3007246376811594,0.83,0.17,0.8133333333333334,0.4084507042253504,0.3395240858966918,0.1210350584307175,3
2019-07-11,0.2536231884057971,0.78082,0.21918,0.8878504672897196,0.08510638297872179,0.3621590249564713,0.016474464579900802,4
2019-07-12,0.24033816425120774,0.79167,0.20833,0.8674698795180723,0.8214285714285748,0.43876958792803256,0.3755102040816333,2
2019-07-15,0.20531400966183574,0.80303,0.19697,0.5789473684210527,0.2499999999999963,0.45037724898432946,0.04799999999999898,0
2019-07-16,0.2946859903381642,0.88462,0.11538,0.9984905660377359,0.7115384615384572,0.3952408589669182,-0.29653376076938287,3
2019-07-17,0.2717391304347826,0.7284,0.2716,0.9670178653229501,0.239130434782607,0.408009286128845,-0.04444444444444422,3
2019-07-18,0.30434782608695654,0.75904,0.24096,0.8473282442748091,0.5999999999999961,0.43993035403366204,0.26785714285714146,3
2019-07-19,0.2584541062801932,0.85714,0.14286,0.8461538461538461,0.4133333333333364,0.4590829947765526,0.12409927942353974,4
2019-07-22,0.25,0.7284,0.2716,0.9797011559063997,0.822085889570553,0.5217643644805572,0.5358928214357143,3
2019-07-23,0.5048309178743962,0.85211,0.14789,0.9914255091103966,0.3571428571428557,0.5449796865931514,-0.09615384615384616,4
2019-07-24,0.3188405797101449,0.82796,0.17204,0.9619047619047619,0.8034188034188063,0.6128845037724898,0.36167756829550013,0
2019-07-25,0.4057971014492754,0.76351,0.23649,0.8881829733163914,0.4861111111111138,0.5687753917585604,-0.13330794134450635,1
2019-07-26,0.821256038647343,0.77717,0.22283,0.9891388673390225,0.558375634517764,0.5356935577481139,-0.4175365344467619,4
2019-07-29,0.3115942028985507,0.7561,0.2439,0.8536585365853658,0.5505617977528069,0.5890887986070804,0.38036095478362,0
2019-07-30,0.2669082125603865,0.7,0.3,0.8952879581151832,0.01333333333333068,0.5420777713290773,-0.003867723844516732,0
2019-07-31,0.27294685990338163,0.77528,0.22472,0.8848920863309353,0.5748502994011975,0.4753337202553683,-0.3727431566686084,0
2019-08-01,0.3852657004830918,0.78761,0.21239,0.8353909465020576,0.4214876033057861,0.41439349970980843,-0.40380047505938366,0
2019-08-02,0.4758454106280193,0.91803,0.08197,0.9958071278825996,0.47674418604651625,0.36680208937899006,-0.16704013037278617,0
2019-08-05,0.3055555555555556,0.80723,0.19277,0.94579945799458,0.5683453237410063,0.26755658734764937,-0.3308207705192626,2
2019-08-06,0.2898550724637681,0.79775,0.20225,0.9411042944785276,0.24050632911392142,0.2669762042948346,-0.08059384941675407,1
2019-08-07,0.5471014492753623,0.84524,0.15476,0.5876288659793815,0.4725274725274703,0.25362739408009266,0.18574514038876877,3
2019-08-08,0.35507246376811596,0.85606,0.14394,0.9572192513368984,0.6917808219178113,0.27916424840394666,0.43760831889081686,0
2019-08-09,0.3321256038647343,0.85039,0.14961,0.924559245592456,0.7868852459016408,0.21009866511897832,-0.4090328078397959,1
2019-08-12,0.2644927536231884,0.81731,0.18269,0.964221824686941,0.2539682539682475,0.188044109112014,-0.06993006993006844,4
2019-08-13,0.2632850241545894,0.81609,0.18391,0.9882869692532943,0.7988165680473392,0.26001160766105647,0.5935370411079364,0
2019-08-14,0.24516908212560387,0.8022,0.1978,0.987410965711446,0.19387755102041232,0.20371445153801493,-0.08250108554060132,2
2019-08-15,0.22826086956521738,0.70312,0.29688,0.7699115044247787,0.5405405405405371,0.19384793964016267,-0.17353579175704928,4
2019-08-16,0.21618357487922704,0.82716,0.17284,0.9956634865568084,0.2580645161290278,0.24027858386535111,0.0690548122572277,4
2019-08-19,0.22826086956521738,0.78689,0.21311,0.6944444444444444,0.41071428571429114,0.28264654672083556,-0.09692372524231099,1
2019-08-20,0.25120772946859904,0.7561,0.2439,0.953757225433526,0.6515151515151545,0.24608241439349976,-0.1828620029768232,3
2019-08-21,0.4178743961352657,0.76433,0.23567,0.9638989169675091,0.09999999999999823,0.2780034822983168,0.016981532583315282,1
2019-08-22,0.428743961352657,0.7871,0.2129,0.9909217877094972,0.6756756756756739,0.2565293093441672,-0.21150592216582065,0
2019-08-23,0.29106280193236717,0.73404,0.26596,0.8194444444444444,0.7595628415300527,0.15089959373186307,-0.5997842502696874,3
2019-08-26,0.21739130434782608,0.86957,0.13043,0.9555555555555556,0.45614035087718924,0.1857225769007546,-0.11348756001745876,3
2019-08-27,0.2632850241545894,0.81818,0.18182,0.8562091503267973,0.1290322580645139,0.19907138711549616,-0.03488118596032191,2
2019-08-28,0.22826086956521738,0.77778,0.22222,0.9743589743589743,0.16666666666666008,0.19907138711549616,0.03938730853391523,4
2019-08-29,0.24033816425120774,0.67857,0.32143,0.7818181818181819,0.49999999999999567,0.2617527568195007,0.1764959104606098,3
2019-08-30,0.2210144927536232,0.81818,0.18182,0.8828451882845189,0.26984126984126017,0.293093441671503,0.07197290431837197,1
2019-09-03,0.021739130434782608,0.75,0.25,0.42857142857142855,0.19444444444444553,0.2681369704004641,-0.059422750424448466,4
